imprint_id,imprint_name
1,Putnam
2,Gallery
3,Penguin
4,Simon & Schuster
5,"Little, Brown"
6,Harper
7,Morrow
8,Grand Central
9,Celadon
10,Park Row
11,Crown
12,Random House
13,Twelve
14,Broadside
15,Thomas Dunne/St. Martin’s
16,Houghton Mifflin Harcourt
17,Hachette
18,Knopf
19,Doubleday
20,Spiegel & Grau
21,Liveright
22,Ballantine
23,Scribner
24,Basic
25,Viking
26,Norton
27,Atria
28,Forge
29,Sourcebooks Landmark
30,Harper Perennial
31,Beacon Press
32,Picador
33,Dey St.
34,"Farrar, Straus & Giroux"
35,Workman
36,Vintage
37,Bantam/Dell
38,HarperCollins Leadership
39,Thomas Nelson
40,Flatiron
41,HarperOne/HarperCollins
42,Zondervan
43,Running Press
44,Northfield
45,Ten Speed
46,HarperOne
47,jimmy patterson
48,Quirk
49,Granity Studios
50,Scholastic
51,Nancy Paulsen
52,Candlewick
53,Tommy Nelson
54,HarperFestival
55,Philomel
56,HarperCollins
57,Dial
58,Abrams
59,Versify
60,Amulet
61,Disney-Hyperion
62,Andrews McMeel/HarperCollins
63,Penguin Workshop
64,Balzer + Bray
65,Wednesday
66,Poppy
67,Holt
68,Delacorte
69,Penguin Audio
70,Macmillan Audio
71,Random House Audio
72,HarperAudio
73,Recorded Books
74,Podium Publishing
75,Brilliance Audio
76,Blackstone Audio
77,Dreamscape Media
78,Audible Studios
79,Harper Audio
80,Hachette Audio
81,Simon & Schuster Audio
82,Avery
83,St. Martin's
84,Tim Duggan
85,Eamon Dolan/Houghton Mifflin Harcourt
86,Dutton
87,Rodale
88,WaterBrook
89,"Melcher/MCD/Farrar, Straus & Giroux"
90,Bloom
91,Canary Street
92,Lioncrest
93,Row House
94,Abrams Appleseed
95,Bloomsbury
96,Disney
97,Back Bay
98,"Little, Brown Spark"
99,Clarion
100,Dey Street
101,Ecco
102,Harper Select
103,Harper Voyager
104,HarperTeen
105,Quill Tree
106,Zonderkidz
107,Hay House
108,Minotaur
109,St. Martin's Griffin
110,Milkweed Editions
111,One World
112,Berkley
113,Broadway
114,Clarkson Potter
115,Grosset & Dunlap
116,Harmony
117,Kokila
118,Pamela Dorman
119,Penguin Press
120,Random House Studio
121,Riverhead
122,TarcherPerigee
123,Avid Reader
124,Gallery/13A
125,Margaret K. McElderry
126,Washington Square
127,Washington Square/Atria
128,Sourcebooks Jabberwocky
129,Sourcebooks Wonderland
130,Tyndale Momentum
131,Abrams Books
132,Ace
133,Akashic Books
134,Aladdin
135,Amistad/HarperCollins
136,Amy Einhorn/Putnam
137,Anchor
138,Algonquin
139,Andrews McMeel
140,Artisan
141,Avon
142,Avon/HarperCollins
143,"Back Bay/Little, Brown"
144,Baker
145,Bantam
146,Beaufort Books
147,Belknap
148,Belknap Press
149,Belknap/Harvard University
150,Berkley Caliber
151,Bird Street
152,Black Oak Books
153,Bird Street Books
154,Blue Rider
155,Callisto Media
156,Center Street
157,Charisma House
158,Chronicle
159,Chronicle Books
160,Cook's Illustrated
161,Crown Archetype
162,Crown Business
163,Crown Forum
164,DAW
165,Del Rey
166,Dell
167,Dey St./Morrow
168,Dey Street/Morrow
169,Disney Publishing Worldwide
170,Ecco/HarperCollins
171,Ellora's Cave
172,Emily Bestler/Atria
173,Entangled
174,FaithWords
175,Feiwel & Friends
176,Free Press
177,FrontLine
178,Gallery Books
179,Golden Books
180,Gossamer
181,Gotham
182,Grand Central Life & Style
183,Grand Central Life and Style
184,Grand Central Publishing
185,Graywolf
186,Guinness World Records
187,Handprint/Chronicle
188,Harlequin
189,Harlequin Books
190,Harlequin Mira
191,Harper Business/HarperCollins
192,Harper Perennial/HarperCollins
193,Harper Sloan
194,Harper/HarperCollins
195,HarperBusiness
196,HarperCollins Publishers
197,HarperWave
198,Harvard Business Review
199,Hazelden
200,Hazelden Publishing
201,Helen Cooper
202,Hogarth
203,Houghton Mifflin Harcourt Publishing
204,Howard
205,Howard Books
206,HTJB
207,Hyperion
208,Hyperion Press
209,InterMix
210,It Books
211,J. Daniels
212,J.B. Salsbury
213,Jessica Sorensen
214,Jeter Publishing/Gallery Books
215,Jossey-Bass
216,Jove
217,Kensington
218,Knopf/McSweeney's
219,Kristen Ashley
220,Lampo
221,Latin Goddess Press
222,Laurelin Paige
223,Lauren Blakely
224,Laurens Publishing
225,Lisa Renee Jones
226,"Little, Brown & Company"
227,Liza Dawson Associates
228,Macmillan
229,Mariner
230,Mariner/Houghton Mifflin Harcourt
231,Metropolitan/ Holt
232,Metropolitan/Holt
233,Modern Library
234,Morgan James
235,Morrow/HarperCollins
236,"Mulholland/Little, Brown"
237,Namaste
238,Nan A. Talese/ Doubleday
239,Nelson Books/Thomas Nelson
240,New American Library
241,New Harbinger/Noetic
242,New Press
243,Open Road
244,Open Road Media
245,Pamela Dorman/Viking
246,Pantheon
247,Penelope Ward
248,Penguin Group
249,Penguin Group (USA) Incorporated
250,Plume
251,Pocket Books
252,Pocket Star
253,Portfolio
254,Portfolio/Penguin
255,Portfolio/Penguin/Putnam
256,Post Hill
257,Quirk Books
258,Random House Publishing
259,Random House Publishing Group
260,Razorbill
261,"Razorbill, paper only"
262,Regnery
263,Richard Jackson/Atheneum
264,Roc
265,Rux Martin/Houghton Mifflin Harcourt
266,"Sarah Crichton/Farrar, Straus & Giroux"
267,Scholastic Press
268,SelectBooks
269,Sentinel
270,Signet
271,Silhouette
272,St. Martin's Press
273,Stepping Stone/Random House
274,Sterling
275,Tarcher/Penguin
276,Thomas Dunne/St. Martin's
277,Thomas Dunne/St. Martin‚Äôs
278,Three Rivers
279,Threshold Editions/Mercury Radio Arts
280,Tor
281,Tor Teen
282,Tor/Tom Doherty
283,Touchstone
284,Touchstone/Simon & Schuster
285,Tyndale
286,Tyndale House
287,Various publishers
288,Victory Belt
289,Vintage Crime/Black Lizard
290,Vintage International
291,Weinstein
292,Weinstein Books
293,Wiley
294,William Morrow
295,Witness Impulse
296,Witness Impulse/HarperCollins
297,Wizards of the Coast
298,Worthy
299,Worthy Publishing
300,Zinc Ink/Ballantine
301,Grove/Atlantic Inc
302,B & H
303,B & H Publishing
304,B&H
305,Baker Books
306,Broadside/HarperCollins
307,Celebra
308,Convergent
309,Convergent Books
310,CreateSpace
311,Dey Street/ Morrow
312,DGS
313,Disney Press
314,Disney/Lucasfilm
315,Dutton/Penguin Publishing Group
316,Europa Editions
317,EverAfter Romance
318,Faith Words
319,Greenwillow/HarperCollins
320,Grove
321,Grove Press
322,Helena Hunting
323,Hoover Ink
324,J.S. Cooper and Helen Cooper
325,Jeremy P. Tarcher/Penguin
326,Katherine Tegen
327,Keywords/Atria
328,Laree Bailey
329,Little  Brown
330,LucasBooks
331,Marian Wood/Putnam
332,Marvel
333,Metal Blonde
334,Mira
335,NAL
336,National Geographic
337,Nelson Books
338,New Word City
339,Oak Press
340,Orbit
341,Pam Krauss
342,Paula Deen Ventures
343,Pepper Winters
344,Princeton University
345,Regan Arts
346,Revell
347,Science Future Press
348,Scout Press
349,"Simon & Schuster,"
350,Simon Pulse
351,Sourcebooks/Jabberwocky
352,South Dakota Historical Society
353,South Dakota Historical Society Press
354,Susan Stoker
355,Ten Speed Press
356,Three Rivers Press
357,Threshold Editions
358,TwoDot
359,Zebra
360,Basic Books
361,Little Brown
362,America's Test Kitchen
363,MIRA
364,Sourcebooks
365,First Second
366,Atheneum/Caitlyn Dlouhy
367,Orchard
368,Imprint
369,Breakneck Media
370,The Great Courses
371,Red Tower
372,Marysue Rucci
373,Seven Seas Entertainment
374,Harper Horizon
375,Andscape
376,Simon Element
377,Liberatio Protocol
378,Hachette Go
379,Disney Hyperion
380,Compendium
381,World of Eric Carle
382,Square Fish
383,Tyndale Audio
384,VIZ Media
385,IDW
386,Pinnacle
387,Greenwillow
388,Atheneum
389,Yearling
390,Sourcebooks Fire
391,Ember
392,Balance
393,The Open Field
394,Countryman
395,Roaring Brook
396,Pocket
397,Tundra
398,Harlequin Audio
399,Harper Business
400,Square Enix
401,Joy Revolution
402,Levine Querido
403,Bright Matter
404,Sourcebooks Explore
405,Christy Ottaviano
406,Entangled Teen
407,Podium Audio
408,Viz Media
409,Union Square Kids
410,Simon & Schuster Audio Originals
411,HQN
412,Hyperion/Disney
413,Audible Originals
414,Random House Worlds
415,Atria/Emily Bestler
416,Zando
417,Hanover Square
418,Harvest
419,Harper Wave
420,Frontline
421,Penguin Life
422,Yen Press
423,Mulholland
424,Forefront
425,Rick Riordan Presents
426,DC Comics
427,Scout
428,Penguin Teen
429,Kodansha
430,Currency
431,Walker
432,Redhook
433,Morrow Cookbooks
434,HarperAlley
435,Dutton Caliber
436,Flamingo
437,Mercury Radio Arts
438,Custom House
439,Nelson
440,Inkyard
441,Ramsey
442,MCD
443,Skyhorse
444,Tor/Forge
445,Black Dog & Leventhal
446,Back Bay/Little Brown
447,Tor Fantasy
448,Callaway
449,"Simon & Schuster, St. Martin''s"
450,Other
451,Beacon
452,DK
453,Hearst Home Kids
454,"Simon & Schuster, St. Martin’s"
455,Legacy Lit
456,‎Dutton
457,Puffin
458,Hachette Books
459,Colleen Hoover
460,‎Back Bay/Little Brown
461,Central Recovery
462,Etch/Clarion
463,Griffin
464,Disney Lucasfilm
465,Blackstone
466,Pushkin Industries
467,Zebra/Kensington
468,Graydon House
469,Avid Reader/Simon & Schuster
470,Tor.com
471,Hard Case Crime
472,jimmy patterson-HMH
473,St. Martin’s Griffin
474,Penguin/Portfolio
475,Milkweed
476,Rockridge
477,Frances Lincoln
478,Gallery/Saga
479,Seal
480,Denene Millner
481,Gildan Media
482,Ramsey Press
483,Top Shelf Productions
484,Melville House
485,Brilliance
486,Morrow Gift
487,Hodder & Stoughton
488,DC Black Label
489,"Voracious/Little, Brown"
490,Sophia Institute
491,Freeform
492,Swoon Reads
493,Top Shelf
494,Dark Horse
495,Gallery/Scout
496,Andy Cohen/Holt
497,Chronicle Prism
498,Bold Type
499,Rodale Kids
500,Crown Books for Young Readers
501,Entangled: Teen
502,HMH Audio
503,One Signal/Atria
504,Humanix
505,Podium
506,Dark Horse Books
507,All Points
508,Zondervan Reflective
509,Novel Audio
510,Amistad
511,PublicAffairs
512,Abingdon
513,Elephant Room
514,Vertel
515,"Melcher Media/MCD/Farrar, Straus & Giroux"
516,MTV Books
517,Waterhouse
518,Feiwel and Friends
519,Quirk/Penguin
520,Insight Comics
521,Vision
522,Speak
523,Nan A. Talese/Doubleday
524,Steerforth
525,Disney/Hyperion
526,DC Ink
527,Image Comics
528,Putman
529,Front Line
530,Shadow Mountain
531,"Philomel, hardcover; Puffin, paper"
532,Dark Horse Comics
533,Arthur A. Levine
534,Citadel
535,Triumph
536,Audible Original
537,BenBella
538,Melville
539,Blue Heron Audio
540,Bolinda
541,HighBridge
542,University of Texas
543,Balzer & Bray
544,Harper Design
545,W Publishing/Thomas Nelson
546,Sports Illustrated
547,Crown/Archetype
548,Graphix
549,Penguin Random House Audio Publishing Group
550,Weldon Owen
551,Baen
552,Blink
553,"Little, Brown and Knopf"
554,Harper Wave/HarperCollins
555,Cipher-Naught
556,NYLA
557,Rick Riordan
558,Haymarket
559,Atria/37 INK
560,Red Dress
561,Regnery Kids
562,Phoenix
563,BAAE
564,Washington Square Press
565,Timbuktu Labs
566,Tantor Audio
567,Waterbrook
568,Flatiron Books
569,Thomas Dunne
570,Greystone
571,Jimmy Patterson
572,Atria/Keywords
573,Nation Books
574,Godwin/Holt
575,Da Capo
576,BookShots
577,Dangerous Books
578,37 INK/Atria
579,Atlantic Monthly
580,Ghost Mountain
581,Cemetery Dance
582,Vintage Departures
583,North Star Way
584,Greenleaf
585,Windblown Media
586,Forge Books
587,Seven Stories
588,Valkyrie
589,New American Library/Berkley
590,"Jimmy Patterson/Little, Brown"
591,Harlequin Teen
592,Library of America
593,Golden Unicorn Enterprises
594,"Neal Porter/Roaring Brook, hardcover and paper"
595,Knopf Doubleday Publishing Group
596,Aurora Rose Reynolds
597,Grand Central/Melcher Media
598,Carina Press
599,Disney-Lucasfilm
600,Kodansha Comics
601,Grove/Atlantic
602,Aperture
603,Blue Rider Press
604,HarperDesign
605,Other Press
606,National Geographic Society
607,Potter Style
608,Countryman Press
609,Adult Coloring Book Designs/Twiggler
610,DK Publishing
611,Laurence King
612,Dover
613,Price Stern Sloan/Penguin
614,Akashic
615,Atria / 37 INK
616,Nation
617,Amber-Allen
618,New World Library
619,Princeton University Press
620,The Experiment
621,Jeff Gordon Inc.
622,McClelland & Stewart
623,Time Inc. Books
624,University of California
625,St. Martin’s
626,Thomas Dunne/St. Martin’s Press
627,Denise Grover Swank
628,Europa
629,Josey-Bass
630,Princeton Architectural Press
631,HarperElixir
632,Parallax
633,Triumph Books
634,Baen Books
635,KT Publishing
636,Drawn & Quarterly
637,"Megan Tingley/Little, Brown"
638,Smithsonian Books
639,Abrams Image
640,Rizzoli
641,"Little,Brown"
642,Atlantic Monthly Press
643,Elle Kennedy
644,Marvel Entertainment
645,Vertical
646,Sasquatch Books
647,Spiegal & Grau
648,Abbeville Press
649,Parent-Wise Solutions
650,Time
651,Sports Publishing/Skyhorse
652,Tijan
653,The New Press
654,Threshold
655,Custom House/Morrow
656,Pegasus
657,American Girl
658,Encounter
659,Arcade
660,American Psychological Association
661,Potter Style/Crown
662,Page Street
663,Waves of Color
664,Lyons Press
665,KCI Sports
666,Mountaineers Books
667,"Sarah Crichton Books/ Farrar, Straus & Giroux"
668,Vi Keeland
669,Blue Bolt
670,Houghton Mifflin Harcourt Publishing Company
671,Vertigo
672,Timeout
673,EverAfter Platinum
674,Metropolitan
675,FSG Originals
676,Word Hermit Press
677,Applewood
678,Timber Press
679,Quail Ridge
680,Herper/HarperCollins
681,Avon Impulse
682,St. Martin''s
683,Hogarth Shakespeare
684,Perennial/HarperCollins
685,Dynamite Entertainment
686,Fantagraphics
687,Random House/Disney
688,"Scientific American/Farrar, Straus & Giroux"
689,Heinemann
690,Universe
691,Adult Coloring Book Designs
692,Mandala
693,Spring Street
694,Falcon Guides/Globe Pequot
695,Dey Street Books
696,Disney-LucasFilm Press
697,Push
698,Graywolf Press
699,Da Capo Press
700,Grand Central Life
701,Goop Press/Grand Central Life & Style
702,Universe Publishing
703,Lark Crafts
704,Scribner/Simon & Schuster
705,"Farrar, Straus"
706,HQN Books
707,Boom! Studios
708,Loyola
709,HarperPerennial
710,Prima Games
711,Gallery  Books
712,Adams Media
713,Vertical Comics
714,"Sarah Crichton Books/Farrar, Straus & Giroux"
715,HarperPress
716,Atria/Simon & Schuster
717,37 Ink/Atria
718,Oxmoor House
719,Intrepid Reads
720,Laree Bailey Press
721,RosettaBooks
722,Bloomsbury USA
723,Quayside
724,Mulholland Books
725,Tarcher Perigee
726,Potter/TenSpeed/Harmony
727,Cook's Country
728,Blue Star Coloring/PCG Publishing
729,Zing Books/MMG Publishing
730,Disney Editions
731,Brazos Press
732,Baseball America
733,Current
734,KCI Sports Publishing
735,"Stewart, Tabori & Chang"
736,Broadway Books
737,Ballatine
738,Jamie McGuire
739,HarperSanFrancisco
740,Seven Stories Press
741,City Lights
742,Race Point
743,Claire Love Publishing
744,Rosetta Books
745,Berrett-Koehler
746,Black Dog
747,Waterhouse Press
748,Chartwell Books
749,Gallery /Jeter
750,Down East Books
751,Harper Element
752,Nobrow Press
753,Taylor Trade Publishing
754,Yale
755,Quail Ridge Press
756,Prima Games/DK
757,Counterpoint
758,"Farrar, Straus and Giroux"
759,Shambhala
760,Forever
761,Rutherford
762,Katherine Tegen/HarperCollins
763,Broadway/Crown
764,Thomas Dunne Books
765,"Little,  Brown"
766,Harmony Books
767,Algonquin Books of Chapel Hill
768,Free To Decide
769,ROC
770,Soho Teen
771,It Books/HarperCollins
772,Rockridge Press
773,Atria Books
774,Dey Street/HarperCollins
775,Jeter /Gallery
776,Del Ray
777,Baker Publishing
778,Alfred A. Knopf
779,Key Words/Atria
780,Bedford/Saint Martin's
781,Henry Holt
782,Crown Publishing Group
783,Parallax Press
784,Vintage/Random House
785,Weldon Owen/Simon & Schuster
786,Zebra/Mulholland
787,Evil Eye Concepts
788,Gregg Olsen
789,Knopf Doubleday Publishing
790,Henry Holt & Company
791,Random House/Disney Publishing Worldwide
792,American Girl Publishing
793,Perseus
794,University of Michigan Press
795,South Dakota State Historical Society Press
796,"Steidl Druckerei und Verlag, Gerhard"
797,Applewood Books
798,Welby Street Press
799,Sterling Publishing
800,Laurence King Publishing
801,DOUBLEDAY
802,Riverhead/Penguin
803,B&H Books
804,Moody
805,Thomas Nelson I
806,Chosen Books
807,Fantagraphics Books
808,Dial Books
809,Crime Rant Books
810,McSweeney's
811,Crux
812,Dave Burgess Consulting
813,Bethany House
814,Tarcher
815,Little Brown & Company
816,Broadstreet
817,Museyon
818,Eve Langlais
819,L.A. Casey
820,Julie Cross
821,Amulet Books
822,Marvel Enterprises
823,Bloomsbury Publishing
824,Yale University Press
825,Riverhead Books/Penguin Group
826,Gotham/Penguin
827,"New Word City, Inc."
828,Prufrock Press
829,Select Books
830,Crux Publishing
831,Boston Common Press
832,DK Pubishing
833,Perigree
834,Smithsonian
835,One World/Ballantine
836,WaterBrook Press/ Doubleday Religious Publishing
837,David C. Cook
838,Free Press/Simon & Schuster
839,Rerum Industries
840,ERH Press
841,Archipelago
842,Rerum Publishing
843,Crista McHugh
844,Deborah Bladon
845,Belmont Estate
846,Oni Press
847,Park & Stowell
848,Palgrave Macmillan
849,HarperWave/HarperCollins
850,Threshold  Editions
851,Harvest House
852,Thunder Bay
853,Dundee-Lakemont Press
854,Pan Macmillan
855,McGraw-Hill Education
856,Cameron & Company
857,University of Iowa Press
858,University of North Carolina Press
859,Liliana Hart
860,J. Sterling
861,Kathleen Brooks
862,S. E. Smith
863,Abrams ComicArts
864,"St. Martin''s Griffin, hardcover and paper"
865,NAL/Penguin Publishing Group
866,Public Affairs
867,Simon & Schuster/TED
868,37 Ink/Atria Books
869,Chronicle Books LLC
870,Rizzoli International
871,University of New Mexico Press
872,Belfry Press
873,Vanderbilt University Press
874,HarperCollins/William Morrow
875,Plume/Penguin
876,"Grove/Atlantic, Inc."
877,Perigree/Penguin
878,JMC Creations
879,"Grove/Atlantic, Incorporated"
880,Lyons/Globe Pequot
881,TVGuestpert
882,Putnam Adult
883,Genesis Publications
884,Taschen
885,University of Nebraska Press
886,Red Crane Books
887,Alma Books
888,Thunder Bay Press
889,Berkley/Putnam
890,Fireside/Simon & Schuster
891,J.S. Cooper
892,South Dakota State Historical Society
893,CreateSpace Independent Publishing Platform
894,Avon/Harper Collins
895,J.â€‰S. Cooper
896,Skyhorse Publishing
897,Candlewick Press
898,Dutton/Penguin
899,Time Home Entertainment
900,John Wiley & Sons
901,Trinity University
902,Growing Healthy Homes
903,Wentz
904,Wisconsin Historical Society
905,Skyhorse/Arcade
906,Bunker Hill
907,Twodot
908,Nan A. Talese/Knopf
909,@throat_punch books
910,HarperDesign/HarperCollins
911,Gray and Company
912,The Mal and Charlotte Moore Crimson Heart Foundation
913,Ant Press
914,Kite Press
915,Victoria Twead
916,Rerum
917,Michael Harris
918,Delacorte Press
919,Crime Rant
920,Dorling Kindersley
921,Harry N. Abrams
922,Phaidon Press
923,Kingswell
924,Harper Collins
925,"Simon & Schuster, Limited"
926,Castle Books
927,Strebor Books
928,Oxford University Press
929,Sports Illustrated Books
930,BradyGames with DK
931,Lonely Planet Publications
932,"Rizzoli International Publications,"
933,Travelers' Tales/Solas House
934,Ampersand
935,Crown Publishing
936,Harlequin MIRA
937,Loveswept
938,Forever Yours
939,Roses & Thorns Publishing
940,Lyons
941,Phaidon
942,Andrews McMeel Publishing
943,Thorndike
944,Titan Books
945,Harvard University Press
946,University Press of Mississippi
947,Thomas Dunne/St. Martin's Press
948,Imagine Publishing
949,Assouline
950,Collins
951,McGraw-Hill
952,B&H Publishing
953,Blue Rider Press/Penguin
954,Encounter Books
955,Portfolio/ Penguin
956,Victory Belt Publishing
957,Hudson Street Press/Penguin
958,Harlequin HQN
959,David R. Godine
960,Salinas Press
961,Russell Media
962,Fever Streak Press
963,W. W. Norton
964,North Atlantic Books
965,Nautilus
966,Highpoint Executive Publishing
967,Clarkson Potter/ Crown
968,First Second Books
969,Charlotte Smith
970,Globe Pequot
971,Regnery History
972,Archetype
973,The History Press
974,Viking Adult
975,Seal Press
976,Berkley Trade
977,Dey St./HarperCollins
978,Riverhead Hardcover
979,City Creek Press
980,Convergent Books/Random House
981,"Back Bay/ Little, Brown"
982,Velo Press
983,Kodansha America
984,Algonquin Books
985,Deeds Publishing
986,Amber Books
987,Diversion Books
988,Piers Platt
989,Perfect Square
990,Berkley/Penguin
991,Pocket/Simon & Schuster
992,Oxford University
993,Lyons Press/Globe Pequot
994,Riverhead Publishing
995,North Country Books
996,Chicago Review Press
997,Ying Ma
998,SaltRiver/Tyndale House
999,Business Plus
1000,Ballantine Books
1001,Adiva
1002,Da Capo Lifelong Books
1003,Atria/Emily Bestler Books
1004,Villard
1005,Destiny Image
1006,Titan Books Limited
1007,Schwartz & Wade
1008,Zinc Ink/Ballantine Books
1009,Hyperion/Kingswell
1010,NA/Penguin
1011,Lulu Publishing Services
1012,Schaffner Press
1013,Sarah Burleton
1014,Penguin Books
1015,Debbie Macomber
1016,Bolero
1017,Jo Raven
1018,Oceanview
1019,Schaffner
1020,Legendary
1021,"Little, Brown and Company"
1022,Lampo Press
1023,Clarkson Potter/Crown
1024,Dorling Kindersley/Brady Games
1025,Jasinda Wilder
1026,Smashwords
1027,Stacy Borel
1028,Red Adept Publishing
1029,H.M. Ward Press
1030,Post Hill/MTV
1031,Red Adept
1032,H.M. Ward
1033,S.L. Scott
1034,Bonnie Vanak
1035,Post Hill Press
1036,Beach Lane/Simon & Schuster
1037,University of Chicago Press
1038,BenBella Books
1039,Penguin/Celebra
1040,Berkley Sensation
1041,Kelly Elliott
1042,Bayou Moon Press
1043,Bayou Moon
1044,Knopf Doubleday
1045,Brazen/Entangled
1046,New Leaf Press
1047,Dream of Things
1048,Knopf/Vintage
1049,Patagonia Books
1050,Random House of Canada
1051,Open Road Publishing
1052,It/HarperCollins
1053,Whitecaps Media
1054,Debbie Macomber Books
1055,HarperVoyager
1056,H. M. Ward Press
1057,Raine Miller
1058,Gossamer Publishing
1059,Times Books
1060,Loveswept/Random House
1061,Riding Desire Group
1062,Papercutz
1063,Arsenal Pulp Press
1064,Times Books/Henry Holt
1065,Dog Ear Publishing
1066,New Directions
1067,Berkley Prime Crime
1068,St. Martin’s Press
1069,Haleigh Lovell
1070,Mariana Zapata
1071,WND Books
1072,Reader's Digest
1073,Roaring Brook Press
1074,Little Brown and Company
1075,Hearst Communications
1076,"Mullholland Books/Little, Brown"
1077,Tor Fantasy/Tom Doherty
1078,Miramax Books
1079,Knopf.
1080,Sandi Lynn
1081,Samantha Towle
1082,Pinnacle/Kensington
1083,Bantam Dell
1084,Berkley Books
1085,Zirconia
1086,Mike O'Mary
1087,"Hearst Communications, Inc."
1088,Pocket Books/Star Trek
1089,Redd Group
1090,Sam Neumann
1091,Morgan Rice
1092,Missionday
1093,Avery/Penguin
1094,The Electronic Book Company
1095,Kevin Machell
1096,Black Irish Entertainment
1097,Cartoon Books
1098,Philomel/Speak
1099,Gallup
1100,Rachel Van Dyken
1101,Indie Six
1102,"Reagan Arthur/Little, Brown"
1103,Mariner/Houghton Mifflin
1104,Soho Press
1105,Cassia Leo
1106,Evolve
1107,Legendary/Marvel Entertainment
1108,Random House Children's Books
1109,Dial/Random House
1110,Bard
1111,Greenleaf Book Group
1112,James H. Silberman/Viking
1113,"Mulholland Books/Little, Brown"
1114,Birch Paper Press
1115,37 Ink
1116,Gail McHugh
1117,Carter Publishing House
1118,AuthorHouse
1119,Archaia Entertainment
1120,Balzer & Bray/HarperCollins
1121,J.C. Reed
1122,Lexi Ryan
1123,Golden Unicorn
1124,Barbour
1125,Barbara Freethy
1126,Neal Porter/Roaring Brook
1127,Georgia Cates
1128,Amy Harmon
1129,Omnific
1130,Tantor
1131,Vintage Contemporaries
1132,Owl/Holt
1133,Ingrid Ricks
1134,Bard Press
1135,Jossey Bass/Wiley
1136,Abbi Glines
1137,Katy Evans
1138,Nichole Chase
1139,"Ward, H.M."
1140,Paige Weaver
1141,B&H Publishing Group
1142,The Indie Voice
1143,Katie Ashley
1144,W. W. Norton & Company
1145,A Shannon Ravenel Book
1146,"Reagan Arthur/Back Bay/Little, Brown"
1147,Sourcebooks Casablanca
1148,Random House Publishers
1149,Shelly Crane
1150,A. Meredith Walters
1151,Entangled Publishing
1152,Life Changing Books
1153,Images Comics
1154,Elisabeth Naughton
1155,Courtney Cole
1156,Kensington Publishing
1157,Marata Eros
1158,J. Lynn
1159,Shanora Williams
1160,Byliner
1161,The New York Times/Byliner
1162,Tom Doherty
1163,Michael Di Capua/ HarperCollins
1164,Orchard/Scholastic
1165,Tor/Tom Doherty Associates
1166,Jossey-Bass/Wiley
1167,Harvard Business Review Press
1168,Addison Moore
1169,HarperCollins Voyager
1170,Urban Books
1171,Harper Paperbacks
1172,Pengun Group
1173,Book View Cafe
1174,Hudson Street
1175,New Harvest/Houghton Mifflin Harcourt
1176,Atria/Beyond Words
1177,Tor Books
1178,Broadway Business
1179,"Picador/Farrar, Straus & Giroux"
1180,M. Leighton
1181,J.A. Redmerski
1182,John Macrae/Holt
1183,NAL Accent
1184,Sylvia Day
1185,7YY
1186,HMH
1187,Harper Business/ HarperCollins
1188,Houghton Mifflin Harcourt Publishers
1189,L.D. Davis
1190,Raine Miller Romance
1191,Kate Dawes
1192,Samhain Publishing
1193,Open Road Integrated Media
1194,Alan Sepinwall
1195,Various publishers and prices.
1196,Laurann Dohner
1197,Cora Carmack
1198,R.L. Mathewson
1199,Ellora’s Cave Publishing
1200,"Little, Brown Book Group Limited"
1201,MTV Books/Gallery Books
1202,"Disney-Hyperion, hardcover and paper"
1203,"Scholastic, hardcover and paper"
1204,"Amulet, hardcover only"
1205,"Aladdin, hardcover only"
1206,"St. Martin’s, hardcover and paper"
1207,"Houghton Mifflin, hardcover; Laurel-Leaf, paper"
1208,"Simon & Schuster, hardcover and paper"
1209,"Hyperion, hardcover and paper"
1210,Broad Reach Publishing
1211,Bethany House Publishers
1212,Regnery Publishing
1213,Signet Select
1214,"Sourcebooks, Inc."
1215,Teresa Mummert
1216,Multnomah
1217,Mercury Ink/Simon Pulse
1218,"Houghton Mifflin, hardcover and paper"
1219,"Harper/HarperCollins, hardcover and paper"
1220,Games Workshop
1221,Entangled Select
1222,"Scholastic, Incorporated"
1223,MTV Books/Pocket Books
1224,"Delacorte, hardcover and paper"
1225,"Little, Brown, hardcover and paper"
1226,"HarperCollins, hardcover and paper; Andrews McMeel, paper"
1227,Agate
1228,Sydney Landon
1229,Perseus Books Group
1230,Omnific Publishing
1231,Guidepost Books
1232,W.W. Norton & Company
1233,Knopf Doubleday Publishers
1234,Simon Pulse/Emily Bestler Books/Atria
1235,"Abrams, hardcover only"
1236,"Stepping Stone/Random House, hardcover and paper"
1237,"HarperTeen, hardcover and paper"
1238,Vanguard
1239,SmileyBooks
1240,Broadside Books
1241,Ecco/HarperCollins Publishers
1242,Portfolio/Penguin Group
1243,Tammara Webber
1244,Chelsea Green
1245,Tyndale House Publishers
1246,"McElderry/Simon & Schuster, hardcover and paper"
1247,"HarperCollins, hardcover and paper"
1248,Tracey Garvis-Graves
1249,Tom Doherty/Forge
1250,Arabesque
1251,Hyperion Books
1252,2000 AD
1253,Digital Manga Publishing
1254,Imagine!
1255,"Dutton, hardcover; Puffin, paper"
1256,Berkeley
1257,Riverhead Trade
1258,"HarperCollins, hardcover; Andrews McMeel, paper"
1259,"Megan Tingley/Little, Brown, hardcover and paper"
1260,"Poppy/Little, Brown, hardcover and paper"
1261,Blue Heeler Books
1262,Lucas Books
1263,"Scholastic, hardcover only"
1264,"Arthur A. Levine/Scholastic, hardcover and paper"
1265,"Knopf, hardcover and paper"
1266,The Writer’s Coffee Shop
1267,The Writer's Coffee Shop
1268,Turner Publishing
1269,Harper Voyager/HarperCollins
1270,Reagan Arthur
1271,Citadel/Kensington
1272,Catherine Bybee
1273,Campire
1274,Perigee
1275,G.P. Putnam's Sons
1276,Darcie Chan
1277,Urban
1278,Best Life Media
1279,Pantheon Books
1280,Philosophical Library/Open Road
1281,Ellora's Cave Publishing
1282,Guinness
1283,Cook’s Illustrated
1284,"Little, Brown Books for Young Readers"
1285,Marvel Comics
1286,Kodansha International
1287,Michael Di Capua/HarperCollins
1288,Life
1289,Chris Culver
1290,Harper Design/HarperCollins
1291,Ripley
1292,Conari
1293,Gallery/VH1
1294,Gallery/Karen Hunter
1295,Michael Prescott
1296,MacMillan
1297,VIZ media
1298,Gallery Books/Karen Hunter Publishing
1299,"Splinter, hardcover and paper"
1300,"Random House, hardcover and paper"
1301,"NAL Jam, paper only"
1302,Harvard Business
1303,Amacom
1304,P. J. Alderman
1305,Reagan Arthur/Back Bay
1306,NAL Caliber
1307,Dorchester
1308,Legacy
1309,Threshhold
1310,Groundwood Books
1311,N B M Publishing Company
1312,Antarctic Press
1313,McElderry
1314,MTV/Gallery
1315,Paula Wiseman/Simon & Schuster
1316,"Joanna Cotler/HarperCollins, hardcover and paper"
1317,"Simon Pulse, hardcover and paper"
1318,Times Books/Holt
1319,Del Rey/Ballantine
1320,Houghton Mifflin Harcourt/Mariner
1321,Samhain
1322,IT Books
1323,Bandai Entertainment
1324,Amulet/Abrams
1325,"Simon & Schuster, paper only"
1326,Razor
1327,Diversion
1328,Blue Sky/Scholastic
1329,Columbia University Press
1330,Plata
1331,Deseret Book Company
1332,"Norton & Company, Incorporated, W. W."
1333,Courtney Milan
1334,Deseret
1335,Avon Inspire
1336,Amazon Digital Services
1337,Aylesbury
1338,Norton & Co.
1339,HarperTeen/HarperCollins
1340,"Candlewick, hardcover and paper"
1341,Jossy-Bass/Wiley
1342,Del Rey/Ballantine/LucasBooks
1343,Voice/Hyperion
1344,El León Literary Arts/Grove
1345,Oxmoor
1346,"Philomel, hardcover and paper"
1347,William Morrow/HarperCollins
1348,Ignatius Press
1349,Cash Money Content
1350,Brava/Kensington
1351,Kimani
1352,iUniverse
1353,Stephanie McAfee
1354,Flammarion
1355,Point
1356,"Philomel/Speak, hardcover and paper"
1357,Penwyck
1358,TOKYOPOP
1359,Ignatius
1360,Firebird
1361,Overlook
1362,"Atria, Pocket Books"
1363,Debbi Mack
1364,Daw
1365,Silver Oak
1366,Collins Design
1367,Bellevue Literary Press
1368,Doherty
1369,Penwyck Publishing
1370,New York Times
1371,Skirt
1372,Threshold/Mercury Radio Arts
1373,BarnaBooks
1374,Splinter
1375,Puffin/Penguin
1376,El León Literary Arts/Atlantic Monthly
1377,Obsidian
1378,Simon Spotlight Entertainment
1379,ESPN
1380,"Atria, $15; Pocket Books"
1381,Presidio
1382,Archaia
1383,McElderry/Simon & Schuster
1384,Dial/Penguin
1385,Collins Design/HarperCollins
1386,McPherson
1387,Nan A. Talese
1388,Overlook Press
1389,Forge/Tom Doherty
1390,Wildstorm
1391,Harper Festival/HarperCollins
1392,"St. Martin’s Griffin, hardcover and paper"
1393,Thomas Dunne/St. Martin’s Griffin
1394,St. Martin’s Griffin/Thomas Dunne
1395,Plexus
1396,Wellness Central
1397,Seven Seas
1398,Scholastic Press/Scholastic
1399,"Poppy/Little, Brown"
1400,Square Fish/St. Martin’s
1401,Joanna Cotler/HarperCollins
1402,"Dutton, hardcover and Speak, paper"
1403,"Scholastic, paper only"
1404,Dafina
1405,Howard/Simon & Schuster
1406,Harmony/Crown
1407,Square Fish/St. Martin''s
1408,Flux/Llewellyn
1409,"Simon Pulse, paper only"
1410,St.Martin’s
1411,HarperStudio
1412,Threshold Editons
1413,FT Press
1414,W.W. Norton & Co.
1415,Speak/Penguin
1416,WND
1417,Onyx
1418,Atria/Heaven’s Library
1419,HarperStudio/HarperCollins
1420,HarperFestival/HarperCollins
1421,Peter Yarrow/Imagine
1422,Nan. A Talese/Doubleday
1423,Voice
1424,Harvest/Harcourt
1425,Ballantine/ESPN Books
1426,Houghton Mifflin
1427,Razorbill/Penguin
1428,Del Rey/Ballantine/Lucas
1429,Eos/HarperCollins
1430,Potter Craft
1431,Springboard
1432,Graphia/Houghton Mifflin Harcourt
1433,"Shadow Mountain/Aladdin, hardcover and paperback"
1434,"Poppy/Little, Brown, paper only"
1435,Business Plus/Grand Central
1436,Semiotexte
1437,St. Martin’s Griifin
1438,Beach Lane
1439,Shaye Areheart
1440,Spectra
1441,Mercury Radio Arts/Threshold Editions
1442,HarperOne /HarperCollins
1443,Warner
1444,Forever/Grand Central
1445,"Back Bay/Little, Brown, $15"
1446,Good Books
1447,Wendy Lamb
1448,Ballantine/ESPN
1449,"Back Bay/Little, Brown, $14.99"
1450,It
1451,Simon & Schuster Books for Young Readers
1452,Aladdin/Mercury Radio Arts
1453,"St. Martin’s/Griffin, hardcover and paper"
1454,Oxford
1455,Ripley Entertainment
1456,Philomel/Penguin Young Readers
1457,Jabberwocky/Sourcebooks
1458,Tor/TomDoherty
1459,Berkeley Prime Crime
1460,Leisure
1461,"Back Bay/Little, Brown, $15;"
1462,Simon Spotlight
1463,Pocket Books/Karen Hunter
1464,McSweeney’s
1465,"Back Bay/Little, Brown, $14.99;"
1466,Pear
1467,"Tegen/HarperCollins, hardcover and paper"
1468,"Random House,"
1469,Jim Collins/HarperCollins
1470,Times
1471,Archaia Studios Press
1472,HCI
1473,Fidelis
1474,Vision/Grand Central
1475,Hyperion Books for Children/Disney
1476,"Anchor, $15"
1477,Three Rivers/Vintage
1478,Fireside
1479,Sunset
1480,IDW Publishing
1481,FT
1482,HarperBusiness/HarperCollins
1483,"Marvel Enterprises, Incorporated"
1484,Diamond Book Distributors
1485,"Aladdin, hardcover and paper"
1486,"Three Rivers, $14.95;"
1487,St. Martin''s Griffin
1488,Hill and Wang
1489,TokyoPop
1490,"TOKYOPOP, Incorporated"
1491,Harcourt
1492,Wiseman/Simon & Schuster
1493,"Bowen Press/HarperCollins hardcover, HarperTeen paper"
1494,Eos/William Morrow
1495,Bantam Spectra
1496,Devil’s Due
1497,Simon Pulse/Simon & Schuster
1498,"Little Brown, hardcover and paper"
1499,Delta
1500,Avatar Press
1501,"Little, Brown Young Readers"
1502,Jabberwocky/Source­books
1503,"St. Martin’s, paper only"
1504,ACE
1505,Eos
1506,powerHouse
1507,Time Books
1508,St. Martins
1509,"Three Rivers, $14.95"
1510,Collins Living
1511,HarperCollins.
1512,"Little Brown, hardcover and paperback"
1513,Bantam Books
1514,Three Rivers; $14.95
1515,Collins Business
1516,"Accord/Andrews McMeel,"
1517,allantine
1518,"Three Rivers; Vintage,"
1519,"Plume, Signet"
1520,Jump at the Sun-Disney
1521,"Megan Tingley/Little Brown, hardcover and paper"
1522,"Geringer/HarperCollins, hardcover and paper"
1523,"Atheneum, hardcover only"
1524,St. Martin’s Minotaur
1525,Dell Spectra
1526,"Sarah Crichton/­Farrar, Straus & Giroux"
1527,Harper Entertainment
1528,Tyndale/Epicenter
1529,Fisher Investments
1530,Lorraine/Houghton Mifflin
1531,Jump at the Sun Books/Disney
1532,"Disney, paper only"
1533,"Atria,"
1534,Del Rey/ Ballantine
1535,Black Cat/Grove
1536,Luna
1537,"Delta, Dell"
1538,Harvard Business School
1539,"(B&H, $14.99.)"
1540,"Simon & Schuster, hardcover only"
1541,Double­day
1542,Epicenter
1543,Metropolitan/­Holt
1544,Zebra/­Kensington
1545,"Sarah Crichton/­Farrar, Straus & Giroux,"
1546,Collins/HarperCollins
1547,Equity
1548,DK Children
1549,Grosset & Dunlap/LucasBooks
1550,Blue Sky
1551,"St. Martin’s Press, hardcover and paper"
1552,Doubleday Publishing
1553,Love Spell
1554,Miramax/­Hyperion
1555,"Delta, $16;"
1556,Little Simon Inspirations
1557,"Hyperion, hard­cover and paper"
1558,"Miramax, hardcover and paper"
1559,Miramax
1560,"Grand Central, $14.99"
1561,Knopf Publishing Group
1562,Vinatage
1563,"Grand Central, $7.99"
1564,"Doherty Associates, LLC, Tom"
1565,Miramax/Hyperion
1566,"Nelson Incorporated, Thomas"
1567,"HarperTempest, hardcover and paper"
1568,"Holt & Company, Henry"
1569,Smithsonian/Collins
1570,"Harlequin Enterprises, Limited"
1571,Dell Publishing
1572,"Delta, ; Dell,"
1573,HarperOne/­HarperCollins
1574,St. Martin’s  Griffin
1575,Harper­Collins
1576,Ginee Seo/Antheneum
1577,Warne
1578,"Megan Tingley/Little Brown, hardcover and paperback"
1579,"Miramax, hardcover and paperback"
1580,"Aladdin, hardcover and paperback"
1581,"Harper­ Teen, hardcover and paperback"
1582,"HarperCollins, hardcover only"
1583,"Stepping Stone/Random House, hardcover and paperback"
1584,"HarperCollins, hardcover and paperback"
1585,"Tegen/Harper­Collins, harcover and paperback"
